cycle,range_bin,doppler_bin,output_hex
1124145000,0,0,0192ff4a
1124155000,0,1,ff790108
1124165000,0,2,ff3cfe56
1124175000,0,3,00fe01ac
1124185000,0,4,ff86fe89
1124195000,0,5,0016012d
1124205000,0,6,ff89ff85
1124215000,0,7,0053ff61
1124225000,0,8,01860012
1124235000,0,9,fdcd0158
1124245000,0,10,00a3ff0f
1124255000,0,11,010e001a
1124265000,0,12,ff840049
1124275000,0,13,ff1affe0
1124285000,0,14,00a90006
1124295000,0,15,00d100cf
1124305000,0,16,ff6cfdc0
1124315000,0,17,ff170140
1124325000,0,18,0136ff0e
1124335000,0,19,0008017c
1124345000,0,20,fee2fdf3
1124355000,0,21,00ec029f
1124365000,0,22,005ffda3
1124375000,0,23,fe910151
1124385000,0,24,00f4ff60
1124395000,0,25,fe430024
1124405000,0,26,01b3008d
1124415000,0,27,ff040022
1124425000,0,28,0044ff07
1124435000,0,29,ff5400f8
1124445000,0,30,031fff7a
1124455000,0,31,fd0300c3
1129525000,1,0,011701f7
1129535000,1,1,ff21fdd5
1129545000,1,2,002a0027
1129555000,1,3,01d500da
1129565000,1,4,fe140089
1129575000,1,5,0069fe7b
1129585000,1,6,ffef0005
1129595000,1,7,012d01b3
1129605000,1,8,fdb1fe63
1129615000,1,9,01a90070
1129625000,1,10,fe9800fe
1129635000,1,11,010ffef7
1129645000,1,12,ff68fff8
1129655000,1,13,ff65ffdb
1129665000,1,14,0151015f
1129675000,1,15,fffffef8
1129685000,1,16,006dffaf
1129695000,1,17,fe630057
1129705000,1,18,01b2008f
1129715000,1,19,ff3dfed0
1129725000,1,20,ff1200b3
1129735000,1,21,005500ed
1129745000,1,22,010bff1d
1129755000,1,23,fe53ff13
1129765000,1,24,012f00df
1129775000,1,25,ffd3ffe4
1129785000,1,26,ff38013c
1129795000,1,27,00fbfe7b
1129805000,1,28,ff860154
1129815000,1,29,01bdff6d
1129825000,1,30,ff21014f
1129835000,1,31,fef5fdc6
1134905000,2,0,fef201f2
1134915000,2,1,ffe5ff3f
1134925000,2,2,0087003f
1134935000,2,3,003f00a1
1134945000,2,4,ff45fee5
1134955000,2,5,006d012f
1134965000,2,6,ffebffb9
1134975000,2,7,00a2ff45
1134985000,2,8,fe120090
1134995000,2,9,02c20033
1135005000,2,10,feadffab
1135015000,2,11,fff60029
1135025000,2,12,ffd80047
1135035000,2,13,006afeeb
1135045000,2,14,fec101cf
1135055000,2,15,0139fef8
1135065000,2,16,007aff7c
1135075000,2,17,fdad0073
1135085000,2,18,01ff0031
1135095000,2,19,ffebff75
1135105000,2,20,00270211
1135115000,2,21,ff0dfecf
1135125000,2,22,00c10075
1135135000,2,23,0114fed9
1135145000,2,24,fe9e008a
1135155000,2,25,0068ff17
1135165000,2,26,fff9016d
1135175000,2,27,0070fe89
1135185000,2,28,ff18002b
1135195000,2,29,00e8fff3
1135205000,2,30,ffef01db
1135215000,2,31,fff9fcfa
1140285000,3,0,00060124
1140295000,3,1,fe7b002c
1140305000,3,2,0202feef
1140315000,3,3,fdd70110
1140325000,3,4,01c4ff62
1140335000,3,5,fe66008d
1140345000,3,6,00c1ff54
1140355000,3,7,021a00d3
1140365000,3,8,fcd2fe66
1140375000,3,9,01b20141
1140385000,3,10,0019ff5b
1140395000,3,11,ff4b0092
1140405000,3,12,0010001c
1140415000,3,13,003dffaa
1140425000,3,14,ff63ff20
1140435000,3,15,fff30174
1140445000,3,16,0122fea6
1140455000,3,17,fdff0154
1140465000,3,18,0056feab
1140475000,3,19,00e701bc
1140485000,3,20,003efeca
1140495000,3,21,ffd60179
1140505000,3,22,ffebfe8c
1140515000,3,23,ffd002a3
1140525000,3,24,007afc34
1140535000,3,25,00400247
1140545000,3,26,ff33005b
1140555000,3,27,fff7ff6e
1140565000,3,28,016afdec
1140575000,3,29,fe930190
1140585000,3,30,012d0168
1140595000,3,31,ffdbfdb2
1145665000,4,0,009eff54
1145675000,4,1,fd7001db
1145685000,4,2,0248fea6
1145695000,4,3,ff76007d
1145705000,4,4,00230026
1145715000,4,5,ff11ff86
1145725000,4,6,0134fff4
1145735000,4,7,00bf00cf
1145745000,4,8,fda7fecb
1145755000,4,9,01210163
1145765000,4,10,0029ff10
1145775000,4,11,ff610038
1145785000,4,12,ff8cffb9
1145795000,4,13,011f0041
1145805000,4,14,ff8affa8
1145815000,4,15,fef200b0
1145825000,4,16,020aff44
1145835000,4,17,fdc200cb
1145845000,4,18,0146ff14
1145855000,4,19,ff4002cd
1145865000,4,20,00d7fcf8
1145875000,4,21,ff9502dc
1145885000,4,22,0000fe0a
1145895000,4,23,0053018b
1145905000,4,24,00bdfd91
1145915000,4,25,ffc90197
1145925000,4,26,0031001a
1145935000,4,27,fe75ffa6
1145945000,4,28,02deff35
1145955000,4,29,fd2fffc5
1145965000,4,30,021a02a6
1145975000,4,31,ff30fd96
1151045000,5,0,fe8b00cc
1151055000,5,1,00f1ff4c
1151065000,5,2,feb6ff72
1151075000,5,3,016e00ba
1151085000,5,4,fea60092
1151095000,5,5,01f1ff76
1151105000,5,6,fe31ff35
1151115000,5,7,01140188
1151125000,5,8,0115feab
1151135000,5,9,fd7c014f
1151145000,5,10,0110fe72
1151155000,5,11,ff6a01bd
1151165000,5,12,009dfe78
1151175000,5,13,00180145
1151185000,5,14,ff6afe0c
1151195000,5,15,0090027e
1151205000,5,16,00c7fe4e
1151215000,5,17,fde3003a
1151225000,5,18,00f80066
1151235000,5,19,004c0142
1151245000,5,20,0044fe68
1151255000,5,21,fef3009e
1151265000,5,22,01d7004b
1151275000,5,23,fdba0034
1151285000,5,24,01c9ff3f
1151295000,5,25,0010ff13
1151305000,5,26,005e01c6
1151315000,5,27,fe54feff
1151325000,5,28,0239ff7a
1151335000,5,29,fdbc012f
1151345000,5,30,0162fee4
1151355000,5,31,0032002e
1156425000,6,0,ff5e0081
1156435000,6,1,00f8ffbc
1156445000,6,2,fef0ff43
1156455000,6,3,00ed017b
1156465000,6,4,0157fecb
1156475000,6,5,fd67fff4
1156485000,6,6,02680034
1156495000,6,7,fe8d00ea
1156505000,6,8,014bfe38
1156515000,6,9,fe380135
1156525000,6,10,01d2ffc7
1156535000,6,11,fe4affd5
1156545000,6,12,008cfef3
1156555000,6,13,ffd9011c
1156565000,6,14,fed7ffcf
1156575000,6,15,01e8ff50
1156585000,6,16,001c0061
1156595000,6,17,fd500060
1156605000,6,18,0234007b
1156615000,6,19,ff29ff31
1156625000,6,20,00a500c3
1156635000,6,21,fe2b0170
1156645000,6,22,0244fecc
1156655000,6,23,ff11fef8
1156665000,6,24,ffeb010a
1156675000,6,25,010cfeeb
1156685000,6,26,ff020107
1156695000,6,27,011c00bb
1156705000,6,28,fea0fde3
1156715000,6,29,00d9023c
1156725000,6,30,013dfefd
1156735000,6,31,fe9effba
1161805000,7,0,ff380178
1161815000,7,1,0172ff99
1161825000,7,2,fe810024
1161835000,7,3,00c0ff58
1161845000,7,4,00070160
1161855000,7,5,005ffecf
1161865000,7,6,ffec005d
1161875000,7,7,ff7cff2c
1161885000,7,8,01020138
1161895000,7,9,ff4eff74
1161905000,7,10,00d9fe64
1161915000,7,11,fee9020a
1161925000,7,12,0033ff7f
1161935000,7,13,ff78ffeb
1161945000,7,14,0135fef6
1161955000,7,15,fd60018f
1161965000,7,16,02e2ff18
1161975000,7,17,fe2aff73
1161985000,7,18,00a101a0
1161995000,7,19,ff20fea0
1162005000,7,20,01a50172
1162015000,7,21,fef1ffa5
1162025000,7,22,009c0059
1162035000,7,23,fed4ff50
1162045000,7,24,01540114
1162055000,7,25,ffcafdc8
1162065000,7,26,ffe50208
1162075000,7,27,ff7bff62
1162085000,7,28,00c1ffc3
1162095000,7,29,ff840031
1162105000,7,30,01a30084
1162115000,7,31,febcfe69
1167185000,8,0,fe08ff27
1167195000,8,1,006b006c
1167205000,8,2,ff1fff92
1167215000,8,3,02580020
1167225000,8,4,fe6700a8
1167235000,8,5,ff8effe5
1167245000,8,6,0050fe8b
1167255000,8,7,0101011c
1167265000,8,8,fedfffa8
1167275000,8,9,00a90104
1167285000,8,10,ff54fea8
1167295000,8,11,016a01d2
1167305000,8,12,ff0ffd3c
1167315000,8,13,003703de
1167325000,8,14,ffe1fbe0
1167335000,8,15,fff6028b
1167345000,8,16,0002fe89
1167355000,8,17,00a30076
1167365000,8,18,fe73fed4
1167375000,8,19,013e01f4
1167385000,8,20,0061fe3c
1167395000,8,21,fe4000fd
1167405000,8,22,01440091
1167415000,8,23,fee9ffa8
1167425000,8,24,0113fefc
1167435000,8,25,fe95008e
1167445000,8,26,0076010e
1167455000,8,27,ff60ff8e
1167465000,8,28,014dff34
1167475000,8,29,fff700e4
1167485000,8,30,ff8f0120
1167495000,8,31,01f8ff45
1172565000,9,0,012d0168
1172575000,9,1,fe7efdcc
1172585000,9,2,003700a8
1172595000,9,3,01c60090
1172605000,9,4,fece0065
1172615000,9,5,ff5ffd60
1172625000,9,6,000302f4
1172635000,9,7,0194fd9d
1172645000,9,8,fe380252
1172655000,9,9,003cfe0c
1172665000,9,10,ffef01d1
1172675000,9,11,00cdfefb
1172685000,9,12,ff130024
1172695000,9,13,ff3cff51
1172705000,9,14,01c00177
1172715000,9,15,ff9eff34
1172725000,9,16,0019febc
1172735000,9,17,ff6401f2
1172745000,9,18,fff5ff9e
1172755000,9,19,0126fff6
1172765000,9,20,fdccff69
1172775000,9,21,01d1016c
1172785000,9,22,ff05fecc
1172795000,9,23,0064001b
1172805000,9,24,000e0012
1172815000,9,25,007aff1a
1172825000,9,26,ff010231
1172835000,9,27,ffcfff03
1172845000,9,28,01270026
1172855000,9,29,ffdcffb7
1172865000,9,30,009c0181
1172875000,9,31,ff22fe38
1177945000,10,0,00c9fe50
1177955000,10,1,006c00ae
1177965000,10,2,feaa0076
1177975000,10,3,013dff82
1177985000,10,4,ff9e0093
1177995000,10,5,017dff82
1178005000,10,6,fec1003f
1178015000,10,7,0052013c
1178025000,10,8,ffc5fddd
1178035000,10,9,00c300d9
1178045000,10,10,ff29ff68
1178055000,10,11,0000011e
1178065000,10,12,0032fdb5
1178075000,10,13,ffc202af
1178085000,10,14,0015fd3e
1178095000,10,15,00ea021b
1178105000,10,16,ff59fed8
1178115000,10,17,004001a6
1178125000,10,18,feeafdb8
1178135000,10,19,00a5016c
1178145000,10,20,002e0041
1178155000,10,21,ff15fff2
1178165000,10,22,011dff31
1178175000,10,23,ff2affac
1178185000,10,24,0069001b
1178195000,10,25,ffb5008f
1178205000,10,26,0197fff2
1178215000,10,27,fdb6fff8
1178225000,10,28,0072009f
1178235000,10,29,01180031
1178245000,10,30,ff49fe62
1178255000,10,31,ff220209
1183325000,11,0,00d7ffa9
1183335000,11,1,feb800c0
1183345000,11,2,012eff6d
1183355000,11,3,ff02002b
1183365000,11,4,fffbff5f
1183375000,11,5,0053011e
1183385000,11,6,ffa2fe8a
1183395000,11,7,007f01fc
1183405000,11,8,ff28fd81
1183415000,11,9,fff4021f
1183425000,11,10,0095fea9
1183435000,11,11,ff8e0173
1183445000,11,12,0124fff5
1183455000,11,13,ff5400a0
1183465000,11,14,ff8afe51
1183475000,11,15,012d014d
1183485000,11,16,0177fe85
1183495000,11,17,fbd6010e
1183505000,11,18,0372ff63
1183515000,11,19,fe90006f
1183525000,11,20,00a5fe6f
1183535000,11,21,fefd01b2
1183545000,11,22,017afeca
1183555000,11,23,fefd0184
1183565000,11,24,0066fe99
1183575000,11,25,ff120007
1183585000,11,26,00830177
1183595000,11,27,0028ff67
1183605000,11,28,fef0febd
1183615000,11,29,01200124
1183625000,11,30,00120003
1183635000,11,31,ffb7ffd7
1188705000,12,0,01eeffa4
1188715000,12,1,fed50089
1188725000,12,2,fe35ffc5
1188735000,12,3,032f0097
1188745000,12,4,ff75fed5
1188755000,12,5,fe860030
1188765000,12,6,001b0076
1188775000,12,7,018000df
1188785000,12,8,ff24fdd0
1188795000,12,9,fee601b5
1188805000,12,10,01e9ff61
1188815000,12,11,fefd0062
1188825000,12,12,ffd90031
1188835000,12,13,ff91feba
1188845000,12,14,020b005c
1188855000,12,15,febb01d2
1188865000,12,16,00c2fc6a
1188875000,12,17,fde30289
1188885000,12,18,0287ff55
1188895000,12,19,fe05ff83
1188905000,12,20,009500c1
1188915000,12,21,ffc80074
1188925000,12,22,0037ff20
1188935000,12,23,feda0003
1188945000,12,24,01acffea
1188955000,12,25,feceffcd
1188965000,12,26,00c301cd
1188975000,12,27,febffe6c
1188985000,12,28,01d50181
1188995000,12,29,feb5fece
1189005000,12,30,00e30196
1189015000,12,31,ff1bfec4
1194085000,13,0,ffab00e1
1194095000,13,1,0016ff6c
1194105000,13,2,ffbbfef2
1194115000,13,3,014f0287
1194125000,13,4,ff9efcc5
1194135000,13,5,feb90279
1194145000,13,6,0114feb6
1194155000,13,7,013200d4
1194165000,13,8,ff2ffecc
1194175000,13,9,fef6004c
1194185000,13,10,008c0053
1194195000,13,11,ff16008d
1194205000,13,12,0104fde3
1194215000,13,13,fe6001eb
1194225000,13,14,01c4ff04
1194235000,13,15,ff0100a6
1194245000,13,16,0121fef5
1194255000,13,17,fd72013a
1194265000,13,18,01d10056
1194275000,13,19,ffdf003f
1194285000,13,20,fed4feaf
1194295000,13,21,014b0211
1194305000,13,22,0024ff72
1194315000,13,23,ff80ff3a
1194325000,13,24,0081002e
1194335000,13,25,0002ff52
1194345000,13,26,ffd802a5
1194355000,13,27,0054fce9
1194365000,13,28,008600c9
1194375000,13,29,ff0400bf
1194385000,13,30,011cffd4
1194395000,13,31,ff4dff68
1199465000,14,0,fff400a3
1199475000,14,1,ffbf0095
1199485000,14,2,ff14fd9f
1199495000,14,3,017302a8
1199505000,14,4,ffeefe29
1199515000,14,5,ff96020a
1199525000,14,6,fee3fd55
1199535000,14,7,025f024c
1199545000,14,8,ff1afe41
1199555000,14,9,ff9e00b1
1199565000,14,10,0001006e
1199575000,14,11,0144ffd1
1199585000,14,12,fe52fe92
1199595000,14,13,006a012a
1199605000,14,14,00040041
1199615000,14,15,ff42ffb3
1199625000,14,16,016afec9
1199635000,14,17,fde50117
1199645000,14,18,013affcd
1199655000,14,19,0041009c
1199665000,14,20,feb0ff5f
1199675000,14,21,01ae01a8
1199685000,14,22,fee5fef9
1199695000,14,23,012b00b8
1199705000,14,24,fe08fee7
1199715000,14,25,02c20013
1199725000,14,26,fd3500aa
1199735000,14,27,0214001b
1199745000,14,28,ff08fed2
1199755000,14,29,0106013c
1199765000,14,30,0008ffad
1199775000,14,31,ffa0ff51
1204845000,15,0,fef5001f
1204855000,15,1,0048001e
1204865000,15,2,fdb0ff8a
1204875000,15,3,03090193
1204885000,15,4,fe7ffe97
1204895000,15,5,ff83011c
1204905000,15,6,009bffa2
1204915000,15,7,00ceffef
1204925000,15,8,febd0042
1204935000,15,9,00f9ffc7
1204945000,15,10,007bff2c
1204955000,15,11,000d01ab
1204965000,15,12,ff21fe07
1204975000,15,13,00250219
1204985000,15,14,fff5fee0
1204995000,15,15,00e8004d
1205005000,15,16,fe95fee9
1205015000,15,17,006401b0
1205025000,15,18,0038ff08
1205035000,15,19,0021ffb5
1205045000,15,20,ffc70063
1205055000,15,21,01570038
1205065000,15,22,ffad000e
1205075000,15,23,fea8000b
1205085000,15,24,014dff4e
1205095000,15,25,ff7bfe97
1205105000,15,26,ff9502c6
1205115000,15,27,ff79ffa5
1205125000,15,28,00ddfdd7
1205135000,15,29,00010147
1205145000,15,30,ff33fffc
1205155000,15,31,0192ffc1
1210225000,16,0,ffacff0d
1210235000,16,1,01170126
1210245000,16,2,fe67fed1
1210255000,16,3,00d200ef
1210265000,16,4,013dfe7a
1210275000,16,5,ff4f0153
1210285000,16,6,fe77001c
1210295000,16,7,0167ffa4
1210305000,16,8,0094ffdf
1210315000,16,9,fe840072
1210325000,16,10,003d0024
1210335000,16,11,00d20059
1210345000,16,12,ff75fee2
1210355000,16,13,ffac0146
1210365000,16,14,0110fe4f
1210375000,16,15,0000022e
1210385000,16,16,0128fdc9
1210395000,16,17,fd09010c
1210405000,16,18,0305ff63
1210415000,16,19,fe6e00b9
1210425000,16,20,0031fed2
1210435000,16,21,ff1f01bb
1210445000,16,22,00e7feb4
1210455000,16,23,003bff0e
1210465000,16,24,ff880187
1210475000,16,25,ff94fe28
1210485000,16,26,ff7301f4
1210495000,16,27,0116ffcf
1210505000,16,28,ffb5ff76
1210515000,16,29,ff460078
1210525000,16,30,01be0035
1210535000,16,31,fece0038
1215605000,17,0,ffc2ff58
1215615000,17,1,00b80075
1215625000,17,2,ff24ffbd
1215635000,17,3,00420157
1215645000,17,4,00dafe1d
1215655000,17,5,ff1200ba
1215665000,17,6,ffc60017
1215675000,17,7,01ec013d
1215685000,17,8,fea6fddb
1215695000,17,9,ff8d019f
1215705000,17,10,0086ff1a
1215715000,17,11,fffbffcb
1215725000,17,12,00090053
1215735000,17,13,feb1ffc7
1215745000,17,14,01b0ffe5
1215755000,17,15,ff000066
1215765000,17,16,0142fee6
1215775000,17,17,fd560149
1215785000,17,18,02c0ff77
1215795000,17,19,fe0e00d9
1215805000,17,20,013cffe9
1215815000,17,21,fe24008c
1215825000,17,22,01d8fe65
1215835000,17,23,000801f9
1215845000,17,24,ff4afe1b
1215855000,17,25,0055005f
1215865000,17,26,000e00ee
1215875000,17,27,ff7dff95
1215885000,17,28,014dfff3
1215895000,17,29,0089ff7f
1215905000,17,30,fe6a01f3
1215915000,17,31,0054fe7c
1220985000,18,0,0142ff7a
1220995000,18,1,fed90072
1221005000,18,2,007f021a
1221015000,18,3,fff3fd85
1221025000,18,4,0084010e
1221035000,18,5,003aff6d
1221045000,18,6,ff65017a
1221055000,18,7,01f7fdb1
1221065000,18,8,fde6014b
1221075000,18,9,016cff77
1221085000,18,10,ffebffec
1221095000,18,11,ff07ffa7
1221105000,18,12,00f000e7
1221115000,18,13,fe8efeb9
1221125000,18,14,011f0094
1221135000,18,15,ff4e0030
1221145000,18,16,003cff4a
1221155000,18,17,ff3d0142
1221165000,18,18,00e5fe1a
1221175000,18,19,ff6f0115
1221185000,18,20,011e00ea
1221195000,18,21,fed2ff99
1221205000,18,22,ffd1ffdc
1221215000,18,23,01350079
1221225000,18,24,ffd0fee1
1221235000,18,25,fe82ffcd
1221245000,18,26,01810170
1221255000,18,27,fedbfeb7
1221265000,18,28,00fa0099
1221275000,18,29,febaffa1
1221285000,18,30,025b00fe
1221295000,18,31,fdaaff76
1226365000,19,0,ffec0005
1226375000,19,1,00340193
1226385000,19,2,fee2fded
1226395000,19,3,023101bb
1226405000,19,4,fdb9fe67
1226415000,19,5,00a601ea
1226425000,19,6,ffa1fdc6
1226435000,19,7,01df0154
1226445000,19,8,fd83fefb
1226455000,19,9,00db0137
1226465000,19,10,00defe90
1226475000,19,11,fe16020a
1226485000,19,12,010f0036
1226495000,19,13,ff42feb9
1226505000,19,14,0143ffd8
1226515000,19,15,ff860242
1226525000,19,16,00fefc73
1226535000,19,17,fe5c035f
1226545000,19,18,00f4fd85
1226555000,19,19,ff5b00e5
1226565000,19,20,0165ffc3
1226575000,19,21,ff9600e2
1226585000,19,22,ff8bff9a
1226595000,19,23,ff2f0006
1226605000,19,24,0173ff59
1226615000,19,25,fe710023
1226625000,19,26,01a800e2
1226635000,19,27,ff5effc2
1226645000,19,28,004bfeb4
1226655000,19,29,ff6e00c7
1226665000,19,30,010d0164
1226675000,19,31,ff74fe00
1231745000,20,0,009a00ee
1231755000,20,1,feb9fe37
1231765000,20,2,0064ffcb
1231775000,20,3,00da0170
1231785000,20,4,ff65ff1f
1231795000,20,5,002effc2
1231805000,20,6,ff8affe9
1231815000,20,7,01320115
1231825000,20,8,fe10fe54
1231835000,20,9,009000e0
1231845000,20,10,00c4ffea
1231855000,20,11,fe190121
1231865000,20,12,0237fee7
1231875000,20,13,fdca002b
1231885000,20,14,00ca0049
1231895000,20,15,00e6003f
1231905000,20,16,001afe20
1231915000,20,17,ff11029f
1231925000,20,18,014afe91
1231935000,20,19,feca0102
1231945000,20,20,0075fe01
1231955000,20,21,ff60027a
1231965000,20,22,0058ff15
1231975000,20,23,ffcaffa7
1231985000,20,24,0078ff7e
1231995000,20,25,fefeffc2
1232005000,20,26,01ba026a
1232015000,20,27,fdfffe45
1232025000,20,28,01fb00f1
1232035000,20,29,ff40ffa9
1232045000,20,30,00800041
1232055000,20,31,ffd2ff95
1237125000,21,0,ff120007
1237135000,21,1,0037005e
1237145000,21,2,ff4cff2f
1237155000,21,3,007f00a6
1237165000,21,4,ffcaffd3
1237175000,21,5,ff9dffbd
1237185000,21,6,00f5ffa6
1237195000,21,7,ffdd0199
1237205000,21,8,0063fdc5
1237215000,21,9,fe9001ba
1237225000,21,10,00e0fee6
1237235000,21,11,00d80206
1237245000,21,12,ff4efcff
1237255000,21,13,ff480223
1237265000,21,14,0034feb3
1237275000,21,15,00a900ba
1237285000,21,16,0048ff39
1237295000,21,17,fe43ffc6
1237305000,21,18,006c0123
1237315000,21,19,013fff66
1237325000,21,20,fe40ff39
1237335000,21,21,00e30109
1237345000,21,22,00ab020a
1237355000,21,23,fe31fda9
1237365000,21,24,00ff0047
1237375000,21,25,008e004e
1237385000,21,26,fe080064
1237395000,21,27,029a007a
1237405000,21,28,febcfe19
1237415000,21,29,00d00243
1237425000,21,30,ffecfec1
1237435000,21,31,00b9fff0
1242505000,22,0,00910348
1242515000,22,1,ff86fe31
1242525000,22,2,002c0000
1242535000,22,3,0065019f
1242545000,22,4,00bcff10
1242555000,22,5,fe45ff90
1242565000,22,6,01b000f0
1242575000,22,7,ffd3ff9c
1242585000,22,8,ffc90099
1242595000,22,9,ff3cfd60
1242605000,22,10,000f02dc
1242615000,22,11,01befe0c
1242625000,22,12,fe800170
1242635000,22,13,0041fd96
1242645000,22,14,ffd802f0
1242655000,22,15,0106fe0f
1242665000,22,16,ff5f004c
1242675000,22,17,ff66fffb
1242685000,22,18,ffec00de
1242695000,22,19,00a3ff85
1242705000,22,20,fe56feb0
1242715000,22,21,01ff0228
1242725000,22,22,ff0eff16
1242735000,22,23,00570076
1242745000,22,24,ffd3fedb
1242755000,22,25,00c8ff84
1242765000,22,26,fe890266
1242775000,22,27,018afea0
1242785000,22,28,fed20030
1242795000,22,29,000b0072
1242805000,22,30,005a0042
1242815000,22,31,ff70fd7f
1247885000,23,0,febc0036
1247895000,23,1,022a00ac
1247905000,23,2,fdd0fe58
1247915000,23,3,022c019e
1247925000,23,4,ff1cffc3
1247935000,23,5,00410041
1247945000,23,6,ffeffee7
1247955000,23,7,00cf0058
1247965000,23,8,ff4d0077
1247975000,23,9,003e0116
1247985000,23,10,0070fd1e
1247995000,23,11,ff000215
1248005000,23,12,ff69ff07
1248015000,23,13,01ba0058
1248025000,23,14,ff3bfe00
1248035000,23,15,ff840306
1248045000,23,16,00c0fd92
1248055000,23,17,00240108
1248065000,23,18,fe3a0040
1248075000,23,19,01680040
1248085000,23,20,fedcff2b
1248095000,23,21,014d01e9
1248105000,23,22,ff0bfe33
1248115000,23,23,ff2100d4
1248125000,23,24,02f30015
1248135000,23,25,fe50fe86
1248145000,23,26,ff76012e
1248155000,23,27,00d00069
1248165000,23,28,ff9bff2f
1248175000,23,29,00fc00c6
1248185000,23,30,ffa3fffa
1248195000,23,31,ff88ff6a
1253265000,24,0,0057ffd6
1253275000,24,1,013800b9
1253285000,24,2,feddfec0
1253295000,24,3,00c2012d
1253305000,24,4,ff69fff7
1253315000,24,5,ff94ff70
1253325000,24,6,0024ff95
1253335000,24,7,00c90050
1253345000,24,8,009d0038
1253355000,24,9,fda900a8
1253365000,24,10,013ffe01
1253375000,24,11,00cc0243
1253385000,24,12,fecffe52
1253395000,24,13,00de0256
1253405000,24,14,0004fdef
1253415000,24,15,ffec0247
1253425000,24,16,ffbffd34
1253435000,24,17,001800fd
1253445000,24,18,00a7ffe6
1253455000,24,19,ff8a008d
1253465000,24,20,001dfd85
1253475000,24,21,ff4a02e4
1253485000,24,22,024cfed7
1253495000,24,23,fd25fef8
1253505000,24,24,0179017a
1253515000,24,25,fe8fff52
1253525000,24,26,01010051
1253535000,24,27,feb40067
1253545000,24,28,00b7fed6
1253555000,24,29,0004022e
1253565000,24,30,01b0fddd
1253575000,24,31,fdf200f5
1258645000,25,0,00b9fd3a
1258655000,25,1,00c00097
1258665000,25,2,fe92ffcf
1258675000,25,3,01da00b1
1258685000,25,4,fe51fe3d
1258695000,25,5,013f019b
1258705000,25,6,ff7efe5e
1258715000,25,7,ff9d00d6
1258725000,25,8,00cb011e
1258735000,25,9,fe9dfe81
1258745000,25,10,001600e3
1258755000,25,11,00a4ff1d
1258765000,25,12,ff5500b2
1258775000,25,13,003d00c0
1258785000,25,14,007bff59
1258795000,25,15,ff01ff2c
1258805000,25,16,00cf00ce
1258815000,25,17,014e0057
1258825000,25,18,fdb6ff17
1258835000,25,19,010e00e3
1258845000,25,20,ffaffff5
1258855000,25,21,00e70117
1258865000,25,22,fe40fd7a
1258875000,25,23,01bb0160
1258885000,25,24,fe79fffe
1258895000,25,25,014dffc1
1258905000,25,26,ff56ff57
1258915000,25,27,ff90017b
1258925000,25,28,00ffff70
1258935000,25,29,ffdd0106
1258945000,25,30,0143fe07
1258955000,25,31,fe0302fa
1264025000,26,0,ffd6fef5
1264035000,26,1,ff810095
1264045000,26,2,ff76000c
1264055000,26,3,02ca0006
1264065000,26,4,fd180060
1264075000,26,5,02ba000b
1264085000,26,6,feb9ff11
1264095000,26,7,013a01b6
1264105000,26,8,fe7ffe19
1264115000,26,9,015d0178
1264125000,26,10,fec1fea6
1264135000,26,11,013300b1
1264145000,26,12,feddfe93
1264155000,26,13,0060015b
1264165000,26,14,ffb8fe76
1264175000,26,15,004800d2
1264185000,26,16,018eff73
1264195000,26,17,fd3d0179
1264205000,26,18,0036fe6c
1264215000,26,19,00cc01d0
1264225000,26,20,fff2fdda
1264235000,26,21,ff4e01f7
1264245000,26,22,ff89ff05
1264255000,26,23,01f80184
1264265000,26,24,fe91fd1b
1264275000,26,25,ffc501e2
1264285000,26,26,01570046
1264295000,26,27,ff27ff61
1264305000,26,28,ffbd0107
1264315000,26,29,0088fe8b
1264325000,26,30,005a01b0
1264335000,26,31,ff96ffac
1269405000,27,0,00c7fe9a
1269415000,27,1,fe9401fa
1269425000,27,2,0063ffdd
1269435000,27,3,ffe3fe83
1269445000,27,4,00310095
1269455000,27,5,ff8300d5
1269465000,27,6,0069fea5
1269475000,27,7,ff87017f
1269485000,27,8,ffddfdd1
1269495000,27,9,0032013a
1269505000,27,10,ff96ff93
1269515000,27,11,01060121
1269525000,27,12,fedaff44
1269535000,27,13,004a0143
1269545000,27,14,00a3fe43
1269555000,27,15,ff7d01af
1269565000,27,16,00fbff08
1269575000,27,17,fda2ffbe
1269585000,27,18,01d7ffa9
1269595000,27,19,ff3f013d
1269605000,27,20,01f7fecd
1269615000,27,21,fd6d0111
1269625000,27,22,00f1fec7
1269635000,27,23,003501d3
1269645000,27,24,ff99fe49
1269655000,27,25,0044000e
1269665000,27,26,00380273
1269675000,27,27,fed4fe5b
1269685000,27,28,012e0036
1269695000,27,29,002afeb7
1269705000,27,30,ff53029d
1269715000,27,31,00fbfe73
1274785000,28,0,004effe3
1274795000,28,1,00070106
1274805000,28,2,ff21fe0a
1274815000,28,3,0063010a
1274825000,28,4,0163ffed
1274835000,28,5,fecaffd6
1274845000,28,6,ffa7ffc5
1274855000,28,7,01c001c0
1274865000,28,8,fe66fd7a
1274875000,28,9,001c017b
1274885000,28,10,00a0fff5
1274895000,28,11,ff3e010a
1274905000,28,12,006afda4
1274915000,28,13,00540069
1274925000,28,14,00860128
1274935000,28,15,ffa60043
1274945000,28,16,014afd6d
1274955000,28,17,fcbf0152
1274965000,28,18,0311004a
1274975000,28,19,fe6d002e
1274985000,28,20,0001febd
1274995000,28,21,ff600174
1275005000,28,22,013dfe37
1275015000,28,23,feca00fe
1275025000,28,24,0046ffa2
1275035000,28,25,fff2ffb9
1275045000,28,26,ff7602af
1275055000,28,27,00a6fcb2
1275065000,28,28,ff66022e
1275075000,28,29,008efff9
1275085000,28,30,fff6004c
1275095000,28,31,001cff83
1280165000,29,0,0031ffbb
1280175000,29,1,fffffff9
1280185000,29,2,fddeff54
1280195000,29,3,02b90179
1280205000,29,4,ff28fe0c
1280215000,29,5,ff9901bb
1280225000,29,6,ffc9ff8f
1280235000,29,7,01a4005c
1280245000,29,8,fea8fe2b
1280255000,29,9,00cd0168
1280265000,29,10,ff0bfefa
1280275000,29,11,00480225
1280285000,29,12,ffd0fcc4
1280295000,29,13,ff5c0218
1280305000,29,14,00f1fe39
1280315000,29,15,ff8302a5
1280325000,29,16,005bfd21
1280335000,29,17,fde701cb
1280345000,29,18,022e001e
1280355000,29,19,ff4b00f1
1280365000,29,20,ff1efe54
1280375000,29,21,017f0247
1280385000,29,22,ff8dff07
1280395000,29,23,ffe0ff62
1280405000,29,24,0034003d
1280415000,29,25,00e9ff38
1280425000,29,26,fe4d02d0
1280435000,29,27,0238fc91
1280445000,29,28,ff5a01d8
1280455000,29,29,ff78004a
1280465000,29,30,ffcdfed5
1280475000,29,31,009d0095
1285545000,30,0,ffcaff45
1285555000,30,1,ffbd00aa
1285565000,30,2,ff26fe18
1285575000,30,3,0164038d
1285585000,30,4,ff4efd09
1285595000,30,5,ff7f0145
1285605000,30,6,0052fe61
1285615000,30,7,00e802cc
1285625000,30,8,ff44fdd5
1285635000,30,9,ff9800cb
1285645000,30,10,003b004d
1285655000,30,11,00e2002e
1285665000,30,12,febafeb7
1285675000,30,13,00c3006f
1285685000,30,14,ff610073
1285695000,30,15,005afff1
1285705000,30,16,0118fea7
1285715000,30,17,fde100b0
1285725000,30,18,0176014c
1285735000,30,19,fe92ff83
1285745000,30,20,00c2fe45
1285755000,30,21,ff4f0339
1285765000,30,22,0104fe3d
1285775000,30,23,fffaffd6
1285785000,30,24,fef60097
1285795000,30,25,01aeff6b
1285805000,30,26,fe1d0133
1285815000,30,27,0194ff8e
1285825000,30,28,ffb2fedb
1285835000,30,29,007b01eb
1285845000,30,30,ff6dff13
1285855000,30,31,00b8fff9
1290925000,31,0,fef80163
1290935000,31,1,00cf0042
1290945000,31,2,fdf3fe25
1290955000,31,3,02a30210
1290965000,31,4,fdfaff3d
1290975000,31,5,014001a4
1290985000,31,6,fed9fcbb
1290995000,31,7,016e0330
1291005000,31,8,fef3fd9f
1291015000,31,9,011f01c9
1291025000,31,10,ff8cfe1e
1291035000,31,11,000601bf
1291045000,31,12,fecfff63
1291055000,31,13,02ad0001
1291065000,31,14,fe23ff17
1291075000,31,15,ff68025f
1291085000,31,16,0186fdc9
1291095000,31,17,ff070104
1291105000,31,18,0059ff0b
1291115000,31,19,ff11016c
1291125000,31,20,0166fe3b
1291135000,31,21,ffbe01b0
1291145000,31,22,00b1febb
1291155000,31,23,fed2020c
1291165000,31,24,00a3fe71
1291175000,31,25,00abfea9
1291185000,31,26,fe400242
1291195000,31,27,00fafeb9
1291205000,31,28,ffcd0051
1291215000,31,29,ffe50003
1291225000,31,30,006bff2b
1291235000,31,31,0034ffb1
1296305000,32,0,01d10000
1296315000,32,1,feb90124
1296325000,32,2,001cffbd
1296335000,32,3,ffe9fff7
1296345000,32,4,0093feec
1296355000,32,5,0090015c
1296365000,32,6,feadfee0
1296375000,32,7,0164005c
1296385000,32,8,ff0d003d
1296395000,32,9,00aaffce
1296405000,32,10,fe74ffa1
1296415000,32,11,02210070
1296425000,32,12,feea004d
1296435000,32,13,ff69ffd8
1296445000,32,14,00b6ff57
1296455000,32,15,ffa3026d
1296465000,32,16,0065fc92
1296475000,32,17,ff47015e
1296485000,32,18,00c6ffed
1296495000,32,19,00bd013d
1296505000,32,20,fe1ffdf6
1296515000,32,21,015e0224
1296525000,32,22,0043fea6
1296535000,32,23,ffc0013c
1296545000,32,24,001dfe4d
1296555000,32,25,fe2600c8
1296565000,32,26,016aff61
1296575000,32,27,004500c8
1296585000,32,28,ffc4febd
1296595000,32,29,ff190100
1296605000,32,30,023a00ff
1296615000,32,31,fd8dfe8f
1301685000,33,0,009d01a1
1301695000,33,1,ff46fee8
1301705000,33,2,0057ff17
1301715000,33,3,009202ff
1301725000,33,4,ffe4fd76
1301735000,33,5,ff6000bf
1301745000,33,6,00a0ff27
1301755000,33,7,ffaa01e7
1301765000,33,8,ffb3fe48
1301775000,33,9,0063004c
1301785000,33,10,ff4000db
1301795000,33,11,0090fff9
1301805000,33,12,001ffeb6
1301815000,33,13,ff60017a
1301825000,33,14,00c4fefd
1301835000,33,15,000e01c7
1301845000,33,16,00b3fd39
1301855000,33,17,fdda01de
1301865000,33,18,01fdfecd
1301875000,33,19,ff34005d
1301885000,33,20,ffea006a
1301895000,33,21,ffb6010b
1301905000,33,22,0010fedf
1301915000,33,23,ffc6ff3d
1301925000,33,24,011500aa
1301935000,33,25,ff39ffbe
1301945000,33,26,ffa4016d
1301955000,33,27,00eefe4b
1301965000,33,28,ff43007e
1301975000,33,29,013e010c
1301985000,33,30,ff2c0011
1301995000,33,31,ffaefe35
1307065000,34,0,ff1fffd7
1307075000,34,1,004e008d
1307085000,34,2,000d001d
1307095000,34,3,009000d9
1307105000,34,4,ff8dfdf7
1307115000,34,5,009f01d2
1307125000,34,6,ffa5ff23
1307135000,34,7,01380012
1307145000,34,8,fe3f0124
1307155000,34,9,0053fef9
1307165000,34,10,00d2ff65
1307175000,34,11,fe08007e
1307185000,34,12,022e0082
1307195000,34,13,fe53ffcd
1307205000,34,14,012d0021
1307215000,34,15,ff0a0089
1307225000,34,16,0209fd63
1307235000,34,17,fe34030b
1307245000,34,18,0099fe55
1307255000,34,19,ff6e0095
1307265000,34,20,011f0059
1307275000,34,21,fe41000e
1307285000,34,22,00dfffef
1307295000,34,23,0094ff1c
1307305000,34,24,00290196
1307315000,34,25,fe77fdbb
1307325000,34,26,01c401e9
1307335000,34,27,000aff20
1307345000,34,28,ff66ffba
1307355000,34,29,ffe1001f
1307365000,34,30,0123010d
1307375000,34,31,fedafea5
1312445000,35,0,ffed0159
1312455000,35,1,ffb5ffad
1312465000,35,2,00f6ffb4
1312475000,35,3,ff430109
1312485000,35,4,00a3fdc4
1312495000,35,5,ff570260
1312505000,35,6,0043fd83
1312515000,35,7,018b02dd
1312525000,35,8,fd4cfe49
1312535000,35,9,00a6018c
1312545000,35,10,018dfdc5
1312555000,35,11,fda20209
1312565000,35,12,0292ff4e
1312575000,35,13,fe45fead
1312585000,35,14,00d80117
1312595000,35,15,feeb00a6
1312605000,35,16,01fdfe29
1312615000,35,17,fe490197
1312625000,35,18,00bcfffa
1312635000,35,19,fee5ffcf
1312645000,35,20,01abff8a
1312655000,35,21,fe6f00fc
1312665000,35,22,0039ff1d
1312675000,35,23,009700fd
1312685000,35,24,00feff0d
1312695000,35,25,ff44ffb0
1312705000,35,26,ff4900f1
1312715000,35,27,00beffaf
1312725000,35,28,00acfe9c
1312735000,35,29,fe75013f
1312745000,35,30,00f40135
1312755000,35,31,ff73fdc8
1317825000,36,0,fff10088
1317835000,36,1,00470062
1317845000,36,2,ff7cff16
1317855000,36,3,ffa700f1
1317865000,36,4,0121fee1
1317875000,36,5,ff05009b
1317885000,36,6,ff05ff63
1317895000,36,7,02f4012a
1317905000,36,8,fd04feb2
1317915000,36,9,017600fa
1317925000,36,10,00baff68
1317935000,36,11,ff590166
1317945000,36,12,ff52fea4
1317955000,36,13,ff8aff7a
1317965000,36,14,00e20136
1317975000,36,15,ff48ff78
1317985000,36,16,0141ff48
1317995000,36,17,fe0101f6
1318005000,36,18,0228ff68
1318015000,36,19,ff79000d
1318025000,36,20,007bfe17
1318035000,36,21,fec10343
1318045000,36,22,0153fe0d
1318055000,36,23,ff1a0016
1318065000,36,24,0076ff2a
1318075000,36,25,ffc2009e
1318085000,36,26,006a005a
1318095000,36,27,fe43ff3c
1318105000,36,28,014e00a8
1318115000,36,29,ff90ffb8
1318125000,36,30,00c6019a
1318135000,36,31,ffdefe38
1323205000,37,0,ff34ff76
1323215000,37,1,0152ffa5
1323225000,37,2,fe03fff7
1323235000,37,3,0150001c
1323245000,37,4,ffc7004f
1323255000,37,5,0010ff9a
1323265000,37,6,ff3eff47
1323275000,37,7,00f000e0
1323285000,37,8,00a4ff5b
1323295000,37,9,fd450196
1323305000,37,10,0288fe82
1323315000,37,11,ffac01e7
1323325000,37,12,ffc9fdcc
1323335000,37,13,feb80105
1323345000,37,14,014fff47
1323355000,37,15,ff4601c2
1323365000,37,16,00c8fd20
1323375000,37,17,feb8018d
1323385000,37,18,01c700f1
1323395000,37,19,ff82ff00
1323405000,37,20,001fff73
1323415000,37,21,ff060162
1323425000,37,22,01440043
1323435000,37,23,fd8cfdd6
1323445000,37,24,02b400d3
1323455000,37,25,fe310090
1323465000,37,26,001effaa
1323475000,37,27,004e00c5
1323485000,37,28,00ddfeee
1323495000,37,29,fe8a0137
1323505000,37,30,022fff9b
1323515000,37,31,ff4a0070
1328585000,38,0,ff96fe08
1328595000,38,1,002300ae
1328605000,38,2,003e001f
1328615000,38,3,00720087
1328625000,38,4,004ffef6
1328635000,38,5,fecbff48
1328645000,38,6,014e021f
1328655000,38,7,fee5fe69
1328665000,38,8,01baffb4
1328675000,38,9,fcab011f
1328685000,38,10,020c0011
1328695000,38,11,ffb4ff10
1328705000,38,12,ff1d012b
1328715000,38,13,00e8ff74
1328725000,38,14,00340009
1328735000,38,15,007d000f
1328745000,38,16,fef0ff48
1328755000,38,17,016d00f6
1328765000,38,18,fedc0001
1328775000,38,19,00e8ff47
1328785000,38,20,feefff5e
1328795000,38,21,ff6101ea
1328805000,38,22,00a8fe8d
1328815000,38,23,ff5b0019
1328825000,38,24,019400ec
1328835000,38,25,fed1ff35
1328845000,38,26,0086ffff
1328855000,38,27,ffae015a
1328865000,38,28,0089fee1
1328875000,38,29,feb000d2
1328885000,38,30,02d2ff4b
1328895000,38,31,fe570147
1333965000,39,0,fef5ffc8
1333975000,39,1,020000d1
1333985000,39,2,fe08fecb
1333995000,39,3,015f00ba
1334005000,39,4,000e0021
1334015000,39,5,0018ffc2
1334025000,39,6,ffcdffad
1334035000,39,7,00100013
1334045000,39,8,000a006f
1334055000,39,9,fe5f002a
1334065000,39,10,017ffdba
1334075000,39,11,ff550341
1334085000,39,12,ffbffe92
1334095000,39,13,0080008c
1334105000,39,14,001cfeec
1334115000,39,15,ff41019c
1334125000,39,16,01f5fe98
1334135000,39,17,fef4009b
1334145000,39,18,ff8c0075
1334155000,39,19,0125ffd8
1334165000,39,20,ff1cfe91
1334175000,39,21,ff4201c4
1334185000,39,22,01d1ff65
1334195000,39,23,fd8efffd
1334205000,39,24,02880021
1334215000,39,25,fec1fe72
1334225000,39,26,00d901c2
1334235000,39,27,fea3ff69
1334245000,39,28,01630014
1334255000,39,29,feca004e
1334265000,39,30,0192004e
1334275000,39,31,feedff60
1339345000,40,0,fe88ff4f
1339355000,40,1,019eff86
1339365000,40,2,fdfa00b6
1339375000,40,3,02ac00ce
1339385000,40,4,fd70fe8e
1339395000,40,5,013c00ca
1339405000,40,6,ff13ffa4
1339415000,40,7,017e0045
1339425000,40,8,ffa0ffca
1339435000,40,9,ff72014f
1339445000,40,10,0147fdbc
1339455000,40,11,ff0b01a0
1339465000,40,12,ffebfef1
1339475000,40,13,01190120
1339485000,40,14,fee6fe18
1339495000,40,15,fed70202
1339505000,40,16,014cfe55
1339515000,40,17,ffae01e0
1339525000,40,18,ff40fe4e
1339535000,40,19,020000d2
1339545000,40,20,ff3effe2
1339555000,40,21,ffa80126
1339565000,40,22,00a7fea6
1339575000,40,23,ffa000b1
1339585000,40,24,00880042
1339595000,40,25,ff2efe5f
1339605000,40,26,fffb0018
1339615000,40,27,fffd016c
1339625000,40,28,ffcbfe2f
1339635000,40,29,0027010c
1339645000,40,30,010400a6
1339655000,40,31,ffc7000c
1344725000,41,0,00700094
1344735000,41,1,0056feb8
1344745000,41,2,fe850176
1344755000,41,3,0270ffa5
1344765000,41,4,fe58000a
1344775000,41,5,ff7dff49
1344785000,41,6,01f00196
1344795000,41,7,0028fd2b
1344805000,41,8,fead0300
1344815000,41,9,0000febd
1344825000,41,10,00c4002a
1344835000,41,11,ff30ff3b
1344845000,41,12,ff3101a2
1344855000,41,13,0198fe6c
1344865000,41,14,ffe10044
1344875000,41,15,feff00c2
1344885000,41,16,0068ff68
1344895000,41,17,019affee
1344905000,41,18,fd8b00c4
1344915000,41,19,0208fef7
1344925000,41,20,fea800a4
1344935000,41,21,008b0065
1344945000,41,22,ff2aff8c
1344955000,41,23,00020079
1344965000,41,24,0187ffb0
1344975000,41,25,ff58ff41
1344985000,41,26,00a000c0
1344995000,41,27,fe50ff65
1345005000,41,28,01a30074
1345015000,41,29,ff880032
1345025000,41,30,00c1ff96
1345035000,41,31,fe5fffde
1350105000,42,0,00cdfee0
1350115000,42,1,ff1b01fa
1350125000,42,2,ffa1fde5
1350135000,42,3,016f0144
1350145000,42,4,feb3fefc
1350155000,42,5,00680087
1350165000,42,6,0005ff2a
1350175000,42,7,01280207
1350185000,42,8,fdecfe87
1350195000,42,9,ffb00145
1350205000,42,10,0244feca
1350215000,42,11,fda20099
1350225000,42,12,01d4ffcf
1350235000,42,13,fec40052
1350245000,42,14,0208fecd
1350255000,42,15,fd0e00d5
1350265000,42,16,029f003c
1350275000,42,17,fed5007a
1350285000,42,18,00dfff25
1350295000,42,19,fe7500fe
1350305000,42,20,0149fee8
1350315000,42,21,00520013
1350325000,42,22,fe250068
1350335000,42,23,0178ffdd
1350345000,42,24,ffb8ff31
1350355000,42,25,ffacffeb
1350365000,42,26,00ac0154
1350375000,42,27,fed6fef9
1350385000,42,28,00200149
1350395000,42,29,0166ffb8
1350405000,42,30,ff0e0019
1350415000,42,31,0016ffbb
1355485000,43,0,ff3f001e
1355495000,43,1,0048012c
1355505000,43,2,0003fe90
1355515000,43,3,000600bf
1355525000,43,4,ff8dff38
1355535000,43,5,ffbc0183
1355545000,43,6,00b0fe2e
1355555000,43,7,ffe20107
1355565000,43,8,ff0dff8e
1355575000,43,9,01af00b3
1355585000,43,10,ff45fec7
1355595000,43,11,008001c7
1355605000,43,12,0015fd9f
1355615000,43,13,fe2001e5
1355625000,43,14,01dafe9c
1355635000,43,15,fe9c007c
1355645000,43,16,006f012e
1355655000,43,17,fee2ffb6
1355665000,43,18,0247fe50
1355675000,43,19,fe880195
1355685000,43,20,0159ff38
1355695000,43,21,fdda01b5
1355705000,43,22,02b4fe04
1355715000,43,23,fe3200ff
1355725000,43,24,0169004a
1355735000,43,25,ff43fe9b
1355745000,43,26,ffb10181
1355755000,43,27,ff02ff39
1355765000,43,28,0159ff05
1355775000,43,29,ffce0063
1355785000,43,30,ff8a0232
1355795000,43,31,0120fe1a
1360865000,44,0,01b1ffce
1360875000,44,1,ff3b016c
1360885000,44,2,fe90fe14
1360895000,44,3,01d400bd
1360905000,44,4,ff9f0006
1360915000,44,5,ff2cffe1
1360925000,44,6,00dbffe9
1360935000,44,7,00fd004d
1360945000,44,8,fd81ff6a
1360955000,44,9,018b014a
1360965000,44,10,0064febe
1360975000,44,11,fe030139
1360985000,44,12,01dffe42
1360995000,44,13,fdd900a4
1361005000,44,14,02ffff62
1361015000,44,15,fc5f0112
1361025000,44,16,02350006
1361035000,44,17,ffd300bc
1361045000,44,18,009efe7c
1361055000,44,19,fec20291
1361065000,44,20,012bfe2e
1361075000,44,21,fe9cff85
1361085000,44,22,017700b7
1361095000,44,23,0007ffa3
1361105000,44,24,ff850046
1361115000,44,25,ff97fe8a
1361125000,44,26,ff86026e
1361135000,44,27,010ffe11
1361145000,44,28,003b00c6
1361155000,44,29,feef0112
1361165000,44,30,0137ff92
1361175000,44,31,fec5ff3e
1366245000,45,0,ff78fe84
1366255000,45,1,00b90020
1366265000,45,2,ff1f0031
1366275000,45,3,02350058
1366285000,45,4,fe37ff82
1366295000,45,5,00000049
1366305000,45,6,00f20042
1366315000,45,7,ffb7fec1
1366325000,45,8,fffe00f2
1366335000,45,9,feb00035
1366345000,45,10,0104fff3
1366355000,45,11,fff9ffed
1366365000,45,12,fed30053
1366375000,45,13,018e0035
1366385000,45,14,ffa7fe18
1366395000,45,15,ff730348
1366405000,45,16,00ccfd76
1366415000,45,17,01690156
1366425000,45,18,fea1fe6f
1366435000,45,19,ffb701ee
1366445000,45,20,00c1fd98
1366455000,45,21,fe520117
1366465000,45,22,01180102
1366475000,45,23,fe81fed7
1366485000,45,24,028affbc
1366495000,45,25,fe42010d
1366505000,45,26,0054ff7d
1366515000,45,27,007700a9
1366525000,45,28,00b1fe8b
1366535000,45,29,fe2c01c3
1366545000,45,30,022ffeb4
1366555000,45,31,fe990174
1371625000,46,0,001c006b
1371635000,46,1,ffa90121
1371645000,46,2,ff3dfd88
1371655000,46,3,0186020f
1371665000,46,4,fef6fe08
1371675000,46,5,0046022d
1371685000,46,6,0017fec4
1371695000,46,7,00b50092
1371705000,46,8,fe04ffab
1371715000,46,9,022d004c
1371725000,46,10,ff7bffbf
1371735000,46,11,ff1e007d
1371745000,46,12,ffd9ffc9
1371755000,46,13,0083ff70
1371765000,46,14,007ffffa
1371775000,46,15,ff3d00ab
1371785000,46,16,0024002f
1371795000,46,17,00e90025
1371805000,46,18,ffc1fe22
1371815000,46,19,ffa8027d
1371825000,46,20,00d2fde8
1371835000,46,21,fedc00b5
1371845000,46,22,ff2b002a
1371855000,46,23,020d000e
1371865000,46,24,fd88ffeb
1371875000,46,25,0285ff86
1371885000,46,26,fdc70047
1371895000,46,27,015400fb
1371905000,46,28,ffb3fdff
1371915000,46,29,007702e6
1371925000,46,30,004ffee0
1371935000,46,31,ff91ff01
1377005000,47,0,fd9a003c
1377015000,47,1,01080043
1377025000,47,2,fe05ffc4
1377035000,47,3,02fd00e5
1377045000,47,4,fdd7ff13
1377055000,47,5,01720146
1377065000,47,6,fe6dff2a
1377075000,47,7,00c2ff31
1377085000,47,8,00e7006b
1377095000,47,9,ff4aff3d
1377105000,47,10,ff9c00b8
1377115000,47,11,011a0108
1377125000,47,12,fe78fe4e
1377135000,47,13,00a1009e
1377145000,47,14,001e004a
1377155000,47,15,00c9009f
1377165000,47,16,fd90fee2
1377175000,47,17,020a00df
1377185000,47,18,ff31ff94
1377195000,47,19,007d001f
1377205000,47,20,ff4bff01
1377215000,47,21,00d400d8
1377225000,47,22,00210104
1377235000,47,23,feb6fe75
1377245000,47,24,01d301d3
1377255000,47,25,006cfea5
1377265000,47,26,fd92ff88
1377275000,47,27,010401b0
1377285000,47,28,00bafe82
1377295000,47,29,ff4900b0
1377305000,47,30,ff28fed0
1377315000,47,31,02bf006f
1382385000,48,0,ffcffdaf
1382395000,48,1,ff6a00d1
1382405000,48,2,001e00f9
1382415000,48,3,01bcfe70
1382425000,48,4,fdd90174
1382435000,48,5,01c3ff4e
1382445000,48,6,feb20115
1382455000,48,7,00d6fe04
1382465000,48,8,00380176
1382475000,48,9,ffff0105
1382485000,48,10,ffb3fef4
1382495000,48,11,00c1fe0b
1382505000,48,12,fdf60294
1382515000,48,13,02d4fee9
1382525000,48,14,fd92fe14
1382535000,48,15,01080152
1382545000,48,16,ff9701c5
1382555000,48,17,0024fdf3
1382565000,48,18,ffe80219
1382575000,48,19,006cfe46
1382585000,48,20,ffe7014c
1382595000,48,21,0027fe62
1382605000,48,22,feea01d1
1382615000,48,23,00cafe7e
1382625000,48,24,0072003e
1382635000,48,25,ffcbffcf
1382645000,48,26,ffcfff9e
1382655000,48,27,ff6b019f
1382665000,48,28,0092fe74
1382675000,48,29,002a012f
1382685000,48,30,ffb2ff22
1382695000,48,31,000401bc
1387765000,49,0,ffc300d2
1387775000,49,1,ff3bff88
1387785000,49,2,007500a2
1387795000,49,3,00d5ffcd
1387805000,49,4,ffc00042
1387815000,49,5,ffb1fea0
1387825000,49,6,ffeb01c5
1387835000,49,7,01a9fe76
1387845000,49,8,fd4900ab
1387855000,49,9,016f00a8
1387865000,49,10,ff6bff8c
1387875000,49,11,ff92ffa2
1387885000,49,12,ffdc007f
1387895000,49,13,012a0023
1387905000,49,14,ffb2fe95
1387915000,49,15,005b01fc
1387925000,49,16,fed1ffbe
1387935000,49,17,01b5ff48
1387945000,49,18,feab007e
1387955000,49,19,01c7ffb5
1387965000,49,20,fdf40046
1387975000,49,21,019dff56
1387985000,49,22,fdb300a3
1387995000,49,23,01ffffba
1388005000,49,24,ff9fffa5
1388015000,49,25,fff50018
1388025000,49,26,004100fc
1388035000,49,27,fef2fde4
1388045000,49,28,01440199
1388055000,49,29,0094001f
1388065000,49,30,fe14006b
1388075000,49,31,00fdfe74
1393145000,50,0,ff910143
1393155000,50,1,ffccff33
1393165000,50,2,01320240
1393175000,50,3,ffa2fda8
1393185000,50,4,ffe50136
1393195000,50,5,002dff2c
1393205000,50,6,007c014a
1393215000,50,7,fe82fd3d
1393225000,50,8,00a0036c
1393235000,50,9,ffdcfcbd
1393245000,50,10,ff9a018e
1393255000,50,11,0051010d
1393265000,50,12,fffafe1d
1393275000,50,13,ff9901fb
1393285000,50,14,00f3fe70
1393295000,50,15,ffcd0031
1393305000,50,16,ffc1016b
1393315000,50,17,0088ff37
1393325000,50,18,ff34000a
1393335000,50,19,0070feba
1393345000,50,20,00a90118
1393355000,50,21,fe9f0050
1393365000,50,22,ffc2fe84
1393375000,50,23,010601a5
1393385000,50,24,ffa2000e
1393395000,50,25,0084fe21
1393405000,50,26,ff4401f8
1393415000,50,27,0105ff9d
1393425000,50,28,ff54005d
1393435000,50,29,ffc7fe89
1393445000,50,30,00bb02e2
1393455000,50,31,ffc3fcb9
1398525000,51,0,0014fff3
1398535000,51,1,005e009f
1398545000,51,2,fe1dfe84
1398555000,51,3,02cb0126
1398565000,51,4,fe43ff3f
1398575000,51,5,0030006e
1398585000,51,6,001e0132
1398595000,51,7,01a7fe27
1398605000,51,8,fc760282
1398615000,51,9,01f3fe71
1398625000,51,10,fff60010
1398635000,51,11,01800055
1398645000,51,12,fe04fefd
1398655000,51,13,016700ac
1398665000,51,14,fed5ffd0
1398675000,51,15,ffe6fe34
1398685000,51,16,00880387
1398695000,51,17,00d8fd69
1398705000,51,18,fe9d01b2
1398715000,51,19,0027ff60
1398725000,51,20,ffe7ffd9
1398735000,51,21,00fafff4
1398745000,51,22,fec200c0
1398755000,51,23,010fff63
1398765000,51,24,fef2ff60
1398775000,51,25,016f005f
1398785000,51,26,ff4000d6
1398795000,51,27,003aff41
1398805000,51,28,000eff5f
1398815000,51,29,ffaf019a
1398825000,51,30,008bffb2
1398835000,51,31,ff70ff46
1403905000,52,0,ff870178
1403915000,52,1,009effd8
1403925000,52,2,fdc3fec3
1403935000,52,3,03b6016a
1403945000,52,4,fc95ff38
1403955000,52,5,022c003b
1403965000,52,6,feadff74
1403975000,52,7,01ba0001
1403985000,52,8,fdf7015a
1403995000,52,9,0162fe79
1404005000,52,10,ff620189
1404015000,52,11,00fbfec4
1404025000,52,12,fe4c005c
1404035000,52,13,00efffdd
1404045000,52,14,ffe2ff15
1404055000,52,15,ff3d0073
1404065000,52,16,00af014a
1404075000,52,17,00a4feb4
1404085000,52,18,fdd90165
1404095000,52,19,0216fee8
1404105000,52,20,009b0186
1404115000,52,21,fea6fe63
1404125000,52,22,003d00ee
1404135000,52,23,ff52000d
1404145000,52,24,00fffe04
1404155000,52,25,00940087
1404165000,52,26,fec201a7
1404175000,52,27,0071feba
1404185000,52,28,fec00096
1404195000,52,29,01e70011
1404205000,52,30,ff0c00d1
1404215000,52,31,009ffe27
1409285000,53,0,ff5e00c0
1409295000,53,1,0094fedc
1409305000,53,2,fe47001d
1409315000,53,3,025a0022
1409325000,53,4,fe740013
1409335000,53,5,ff5fffe3
1409345000,53,6,0081ffc0
1409355000,53,7,01480092
1409365000,53,8,fde8ff4e
1409375000,53,9,01e60141
1409385000,53,10,ff3fff52
1409395000,53,11,00e0ff8c
1409405000,53,12,fe270169
1409415000,53,13,0109fe30
1409425000,53,14,fff20111
1409435000,53,15,ff70fef8
1409445000,53,16,fff4020a
1409455000,53,17,014afe78
1409465000,53,18,ff4bfff5
1409475000,53,19,001800a8
1409485000,53,20,0116ff9b
1409495000,53,21,ff09feaf
1409505000,53,22,ff2d037a
1409515000,53,23,000afc7e
1409525000,53,24,005e01a4
1409535000,53,25,00a8ff2b
1409545000,53,26,febb00b8
1409555000,53,27,ffbe002a
1409565000,53,28,01f7fff5
1409575000,53,29,fe6b003e
1409585000,53,30,01540021
1409595000,53,31,0026ff68
1414665000,54,0,feaa02d5
1414675000,54,1,0079fdfb
1414685000,54,2,ffd10085
1414695000,54,3,0155001f
1414705000,54,4,ff00002a
1414715000,54,5,ffe3ffd0
1414725000,54,6,0089ffce
1414735000,54,7,0069ff7e
1414745000,54,8,fec5007e
1414755000,54,9,ffe400af
1414765000,54,10,0100ff47
1414775000,54,11,fef0fff7
1414785000,54,12,001e00c6
1414795000,54,13,002bff6a
1414805000,54,14,0117ff53
1414815000,54,15,fec300cb
1414825000,54,16,009a0089
1414835000,54,17,015dff6d
1414845000,54,18,fd51ffbf
1414855000,54,19,01bd0013
1414865000,54,20,ffc0002c
1414875000,54,21,ff55febe
1414885000,54,22,ff6b0202
1414895000,54,23,00b9ff1c
1414905000,54,24,ff3ffff8
1414915000,54,25,029affd9
1414925000,54,26,fd02004d
1414935000,54,27,023600cf
1414945000,54,28,fe62ff20
1414955000,54,29,01690050
1414965000,54,30,ff1900a5
1414975000,54,31,00f3fdbb
1420045000,55,0,fe9dfed0
1420055000,55,1,018600a7
1420065000,55,2,ff310023
1420075000,55,3,0118ff07
1420085000,55,4,ff60015e
1420095000,55,5,ff1bff99
1420105000,55,6,ffd5ff98
1420115000,55,7,00a1ff15
1420125000,55,8,ff3402ab
1420135000,55,9,0110fe5c
1420145000,55,10,fea4ff90
1420155000,55,11,01ee0083
1420165000,55,12,feb900ed
1420175000,55,13,00fbfe2f
1420185000,55,14,fed0022b
1420195000,55,15,0150fce4
1420205000,55,16,fe2b03a0
1420215000,55,17,0120febd
1420225000,55,18,003ffefb
1420235000,55,19,feee00f1
1420245000,55,20,016e0060
1420255000,55,21,feedfe3b
1420265000,55,22,006901a4
1420275000,55,23,004bff1b
1420285000,55,24,ffa00111
1420295000,55,25,013efeb4
1420305000,55,26,fdb80012
1420315000,55,27,012001c5
1420325000,55,28,0025fe29
1420335000,55,29,ff210131
1420345000,55,30,013e0039
1420355000,55,31,0038ffa4
1425425000,56,0,005dfec1
1425435000,56,1,00170115
1425445000,56,2,fea2006f
1425455000,56,3,0193fe58
1425465000,56,4,ffaf00b7
1425475000,56,5,ff9a0081
1425485000,56,6,00030015
1425495000,56,7,00c5fef0
1425505000,56,8,ff3e00ab
1425515000,56,9,01920100
1425525000,56,10,fec8ff3d
1425535000,56,11,ffcffe3a
1425545000,56,12,0065034b
1425555000,56,13,00dafca3
1425565000,56,14,fe9301ec
1425575000,56,15,ff7cfe24
1425585000,56,16,012f025f
1425595000,56,17,ff51fe83
1425605000,56,18,00b40071
1425615000,56,19,fec90008
1425625000,56,20,02790113
1425635000,56,21,fd4efdd7
1425645000,56,22,01290313
1425655000,56,23,00a7fce8
1425665000,56,24,ff3a01a9
1425675000,56,25,0062ff38
1425685000,56,26,001affc3
1425695000,56,27,fe290032
1425705000,56,28,01c7ffe7
1425715000,56,29,ff02008d
1425725000,56,30,0191fffc
1425735000,56,31,fec40080
1430805000,57,0,010bfe2e
1430815000,57,1,004f00b6
1430825000,57,2,fdafffff
1430835000,57,3,03cf000a
1430845000,57,4,fc95fea9
1430855000,57,5,01ce023c
1430865000,57,6,ff01fe85
1430875000,57,7,0047006b
1430885000,57,8,0025ff96
1430895000,57,9,002501fa
1430905000,57,10,ffb9fddf
1430915000,57,11,fefd016d
1430925000,57,12,011bfee9
1430935000,57,13,00d300c4
1430945000,57,14,fdd6ff34
1430955000,57,15,01a0003a
1430965000,57,16,ff9d00c2
1430975000,57,17,00adff54
1430985000,57,18,fec9003b
1430995000,57,19,01770098
1431005000,57,20,ffd5ff87
1431015000,57,21,fdd6ffd4
1431025000,57,22,01b7ffbb
1431035000,57,23,ffdf0055
1431045000,57,24,0023ffc6
1431055000,57,25,0043ffc8
1431065000,57,26,feef0047
1431075000,57,27,00150031
1431085000,57,28,00fbffab
1431095000,57,29,ff0d0140
1431105000,57,30,01f2ff2c
1431115000,57,31,fdea00d6
1436185000,58,0,0049ff9a
1436195000,58,1,fe94001c
1436205000,58,2,01e800b6
1436215000,58,3,000dfe16
1436225000,58,4,fe480250
1436235000,58,5,02e3feb6
1436245000,58,6,fd27ff10
1436255000,58,7,02940154
1436265000,58,8,fd96ff9b
1436275000,58,9,01b5ff7f
1436285000,58,10,fee9015a
1436295000,58,11,0000fee9
1436305000,58,12,ff2900af
1436315000,58,13,011dff5f
1436325000,58,14,ff8d005c
1436335000,58,15,011bffd5
1436345000,58,16,fe6b006e
1436355000,58,17,0254ff34
1436365000,58,18,fed200fa
1436375000,58,19,0019ff7e
1436385000,58,20,fee200b2
1436395000,58,21,012dfe46
1436405000,58,22,ff810146
1436415000,58,23,fea00064
1436425000,58,24,030afee9
1436435000,58,25,fe83ffc9
1436445000,58,26,ffbd0122
1436455000,58,27,ffc6fefb
1436465000,58,28,0051008b
1436475000,58,29,ffe3ff75
1436485000,58,30,00e301ca
1436495000,58,31,ff25ff23
1441565000,59,0,015bff21
1441575000,59,1,ffc7013b
1441585000,59,2,fe98ff72
1441595000,59,3,018600aa
1441605000,59,4,fea3fe79
1441615000,59,5,00600103
1441625000,59,6,ffdfff60
1441635000,59,7,01a6000d
1441645000,59,8,fdf8005a
1441655000,59,9,00d2004b
1441665000,59,10,00260002
1441675000,59,11,ffe3ff80
1441685000,59,12,ff8e005c
1441695000,59,13,00d2ff7b
1441705000,59,14,ff0a007d
1441715000,59,15,ffc6ffc8
1441725000,59,16,ff090119
1441735000,59,17,03d5fe09
1441745000,59,18,fcfe01d2
1441755000,59,19,015cff0e
1441765000,59,20,ffbd0105
1441775000,59,21,000cfe39
1441785000,59,22,00510188
1441795000,59,23,fed6ff59
1441805000,59,24,0114fffc
1441815000,59,25,ff5efe99
1441825000,59,26,ffbc026e
1441835000,59,27,0073fe9c
1441845000,59,28,fecaffc6
1441855000,59,29,01fe00e9
1441865000,59,30,ff260057
1441875000,59,31,ff7eff96
1446945000,60,0,ffc6fd4e
1446955000,60,1,ff420332
1446965000,60,2,0012fe39
1446975000,60,3,0007ffc0
1446985000,60,4,007e0149
1446995000,60,5,ff83ff6e
1447005000,60,6,ffd700f4
1447015000,60,7,0121fdc8
1447025000,60,8,fe440182
1447035000,60,9,0111005c
1447045000,60,10,002bfe76
1447055000,60,11,001b0067
1447065000,60,12,ff8b0172
1447075000,60,13,0084fde9
1447085000,60,14,fe4d00d3
1447095000,60,15,0139ffa1
1447105000,60,16,ff600218
1447115000,60,17,0050fd7a
1447125000,60,18,ff8602e1
1447135000,60,19,0077fd64
1447145000,60,20,00760143
1447155000,60,21,003fffae
1447165000,60,22,ffe90110
1447175000,60,23,002bfee8
1447185000,60,24,ff82ffb4
1447195000,60,25,002dfff0
1447205000,60,26,ff5d0064
1447215000,60,27,00a3ff39
1447225000,60,28,00050196
1447235000,60,29,0012fec3
1447245000,60,30,fee300a5
1447255000,60,31,0197008b
1452325000,61,0,fecc001f
1452335000,61,1,0146002a
1452345000,61,2,fdb40018
1452355000,61,3,0267ff2f
1452365000,61,4,ff060026
1452375000,61,5,00f3ffe4
1452385000,61,6,ff340142
1452395000,61,7,00a6fdd2
1452405000,61,8,feae0097
1452415000,61,9,003c0126
1452425000,61,10,00d0fffa
1452435000,61,11,ff63fe55
1452445000,61,12,fffa02a4
1452455000,61,13,0048fefc
1452465000,61,14,ff5d007a
1452475000,61,15,0120fe10
1452485000,61,16,ff60030b
1452495000,61,17,0132fe10
1452505000,61,18,fecaffba
1452515000,61,19,ff63ff77
1452525000,61,20,018400cc
1452535000,61,21,fe37fea2
1452545000,61,22,0018015c
1452555000,61,23,0168ffd8
1452565000,61,24,ff6600cf
1452575000,61,25,0088ffc0
1452585000,61,26,fe56ffd4
1452595000,61,27,026f0041
1452605000,61,28,ff140022
1452615000,61,29,ff92ff26
1452625000,61,30,003b0100
1452635000,61,31,0096ff42
1457705000,62,0,fec4fe1f
1457715000,62,1,01690274
1457725000,62,2,fe47fdf4
1457735000,62,3,019a01a1
1457745000,62,4,feecfdaa
1457755000,62,5,002c02a2
1457765000,62,6,0015fea6
1457775000,62,7,0076ff06
1457785000,62,8,002d0133
1457795000,62,9,ffa200b0
1457805000,62,10,ff92ff6b
1457815000,62,11,009cfffd
1457825000,62,12,ff360009
1457835000,62,13,002f0027
1457845000,62,14,00360036
1457855000,62,15,0078ff3a
1457865000,62,16,fe7c0237
1457875000,62,17,01d5fe60
1457885000,62,18,ff3bff5c
1457895000,62,19,ffd0004b
1457905000,62,20,01c600b2
1457915000,62,21,fdfcfe94
1457925000,62,22,00d7006e
1457935000,62,23,ffa80092
1457945000,62,24,ffffff9f
1457955000,62,25,011800a0
1457965000,62,26,fcecff1d
1457975000,62,27,02ce016b
1457985000,62,28,ff3cfdfb
1457995000,62,29,ffc102bf
1458005000,62,30,016efeb6
1458015000,62,31,ff66003a
1463085000,63,0,fe74ffc2
1463095000,63,1,0150ffe3
1463105000,63,2,fe01001d
1463115000,63,3,02bb000d
1463125000,63,4,fe28009c
1463135000,63,5,0127ff62
1463145000,63,6,ff05ffbd
1463155000,63,7,00fa006a
1463165000,63,8,feba0042
1463175000,63,9,015cfe56
1463185000,63,10,fce70169
1463195000,63,11,0343ff29
1463205000,63,12,fe800089
1463215000,63,13,00f1ff4b
1463225000,63,14,fec4023d
1463235000,63,15,0146fddd
1463245000,63,16,ff4c00c6
1463255000,63,17,014a004b
1463265000,63,18,ff55ff8f
1463275000,63,19,0021ffef
1463285000,63,20,ffd2fff8
1463295000,63,21,feb10098
1463305000,63,22,015fff99
1463315000,63,23,fe26fe9a
1463325000,63,24,01e20256
1463335000,63,25,004aff78
1463345000,63,26,fde7ff07
1463355000,63,27,00fd00d7
1463365000,63,28,00faff03
1463375000,63,29,ff0f01bf
1463385000,63,30,0104fe31
1463395000,63,31,00460103
